first,second,result,moves
1,1,1,11
1,2,0,42
2,1,1,11
2,2,0,42
1,3,0,42
2,3,2,38
3,1,1,7
3,2,2,38
3,3,1,39
1,4,0,42
2,4,2,40
3,4,0,42
4,1,1,11
4,2,0,42
4,3,0,42
4,4,2,36
1,5,2,40
2,5,2,38
3,5,0,42
4,5,0,42
5,1,1,9
5,2,1,31
5,3,2,40
5,4,1,35
5,5,2,38
1,6,2,26
2,6,1,39
3,6,2,38
4,6,2,40
5,6,2,38
6,1,1,11
6,2,1,41
6,3,2,38
6,4,1,21
6,5,0,42
6,6,2,36
1,7,0,42
2,7,2,40
3,7,2,26
4,7,2,38
5,7,2,40
6,7,0,42
7,1,1,9
7,2,1,15
7,3,2,40
7,4,2,34
7,5,1,33
7,6,1,23
7,7,2,38
1,8,1,39
2,8,1,39
3,8,2,24
4,8,1,39
5,8,2,42
6,8,0,42
7,8,2,36
8,1,1,11
8,2,1,33
8,3,1,29
8,4,0,42
8,5,1,31
8,6,2,40
8,7,0,42
8,8,1,39
1,9,2,38
2,9,2,32
4,9,2,40
3,9,1,37
6,9,2,40
5,9,1,37
8,9,1,37
7,9,2,36
9,1,1,9
9,2,1,15
9,3,1,37
9,4,2,34
9,5,1,39
9,8,0,42
9,7,1,37
9,6,1,23
9,9,1,37
1,10,2,40
3,10,0,42
2,10,2,36
5,10,2,40
6,10,1,35
4,10,2,40
9,10,1,39
8,10,1,39
10,1,1,9
7,10,2,36
10,3,0,42
10,2,1,39
10,4,1,15
10,6,1,23
10,7,0,42
10,8,2,38
10,10,2,38
10,9,2,38
10,5,0,42
3,11,2,26
8,11,1,41
1,11,2,38
6,11,1,41
4,11,2,38
2,11,2,40
5,11,2,40
9,11,2,36
10,11,2,40
7,11,2,32
11,1,1,9
11,2,1,15
11,8,0,42
11,10,1,39
11,7,1,39
11,5,1,39
11,9,1,39
11,3,1,39
11,4,1,15
11,6,1,23
11,11,2,38
3,12,1,39
1,12,2,40
5,12,2,40
2,12,2,36
9,12,0,42
6,12,0,42
11,12,2,38
10,12,2,40
8,12,1,39
12,1,1,11
7,12,2,28
12,7,1,39
12,2,1,41
12,5,1,31
4,12,2,40
12,3,0,42
12,11,1,41
12,4,1,15
12,8,1,35
12,9,1,37
12,6,1,23
1,13,2,38
12,10,1,39
2,13,2,40
8,13,1,41
3,13,2,26
12,12,1,37
4,13,2,40
6,13,1,41
12,13,1,41
5,13,2,40
7,13,2,32
9,13,2,36
11,13,2,38
10,13,2,40
13,1,1,9
13,4,1,15
13,7,1,37
13,9,1,37
13,8,0,42
13,10,1,39
13,2,1,35
13,5,0,42
13,3,1,39
13,12,2,38
13,11,2,32
13,13,2,32
13,6,1,23
1,14,2,32
3,14,2,26
2,14,1,39
4,14,1,37
6,14,2,38
8,14,2,36
5,14,2,40
10,14,2,42
13,14,2,38
11,14,2,38
9,14,1,41
7,14,2,28
14,1,1,11
14,2,1,39
14,3,1,33
14,5,2,40
14,11,2,40
14,7,2,40
14,13,2,40
12,14,2,40
14,8,1,35
14,9,1,37
14,6,1,23
14,14,2,36
14,4,1,21
14,10,1,37
14,12,1,37
2,15,2,38
3,15,1,39
1,15,2,34
8,15,2,36
4,15,2,38
12,15,1,41
14,15,0,42
6,15,2,36
5,15,2,38
7,15,2,32
11,15,2,38
9,15,2,36
13,15,2,32
10,15,2,40
15,1,1,11
15,3,0,42
15,5,0,42
15,2,2,38
15,11,2,38
15,13,2,40
15,7,2,38
15,15,2,38
15,8,1,39
15,14,1,37
15,9,2,38
15,10,1,39
15,12,1,37
15,4,0,42
4,16,1,39
15,6,1,23
1,16,2,32
2,16,1,39
8,16,2,34
6,16,2,38
3,16,1,39
12,16,2,40
15,16,1,39
5,16,2,40
14,16,1,37
13,16,2,38
11,16,2,38
9,16,1,41
10,16,2,40
7,16,2,32
16,1,1,11
16,2,1,39
16,5,2,40
16,11,2,40
16,7,2,40
16,13,2,40
16,3,1,33
16,15,0,42
16,4,2,42
16,8,1,35
16,9,1,37
16,6,1,23
16,16,2,40
16,10,1,37
16,14,1,37
16,12,1,37
3,17,2,24
8,17,2,36
6,17,2,36
5,17,1,35
7,17,1,35
9,17,1,37
12,17,1,41
10,17,2,40
11,17,1,35
4,17,2,38
16,17,2,40
14,17,2,40
15,17,1,39
2,17,2,40
1,17,2,34
13,17,2,40
17,1,1,9
17,5,1,39
17,9,1,37
17,7,1,37
17,8,1,35
17,10,1,37
17,3,1,35
17,12,1,37
17,2,1,35
17,13,1,35
17,11,1,35
17,4,2,42
17,15,1,35
17,16,2,36
17,14,2,38
17,17,1,35
17,6,1,23
2,18,2,28
4,18,2,34
8,18,0,42
1,18,2,30
3,18,1,39
7,18,2,36
9,18,2,42
11,18,2,38
6,18,2,38
15,18,1,39
5,18,2,24
10,18,2,40
12,18,2,38
14,18,0,42
16,18,1,35
17,18,2,36
13,18,1,37
18,1,1,11
18,2,1,39
18,3,1,33
18,5,0,42
18,7,0,42
18,11,0,42
18,13,2,40
18,15,1,39
18,4,0,42
18,17,2,40
18,18,1,39
18,9,1,35
18,8,1,39
18,16,1,39
18,14,1,37
18,10,1,39
18,6,1,23
18,12,1,37
6,19,2,36
8,19,2,36
5,19,1,35
11,19,1,35
9,19,1,37
10,19,2,40
12,19,2,34
2,19,2,40
4,19,2,40
15,19,2,38
14,19,2,40
16,19,2,40
18,19,2,40
7,19,1,35
1,19,2,34
3,19,2,22
17,19,1,35
13,19,2,40
19,8,1,33
19,5,1,33
19,9,1,37
19,10,1,35
19,3,1,25
19,7,2,40
19,2,1,17
19,1,1,17
19,4,0,42
19,13,0,42
19,6,1,37
19,14,0,42
19,11,1,33
19,16,1,33
19,12,0,42
19,15,1,33
19,17,1,33
19,18,2,40
19,19,1,35
3,20,2,22
7,20,1,35
5,20,2,36
9,20,1,37
11,20,1,35
10,20,2,32
13,20,2,38
1,20,2,34
16,20,2,40
6,20,2,36
18,20,2,40
4,20,2,40
15,20,2,38
2,20,2,38
8,20,2,36
17,20,2,36
12,20,2,34
14,20,2,40
19,20,2,40
20,1,1,11
20,2,1,39
20,7,0,42
20,11,0,42
20,5,0,42
20,13,2,40
20,3,1,33
20,15,1,39
20,4,2,42
20,17,2,40
20,18,1,39
20,19,2,40
20,20,2,40
20,8,1,37
20,14,1,37
20,16,1,37
20,9,1,37
20,10,1,39
20,12,1,37
20,6,1,19
5,21,2,26
9,21,1,37
10,21,1,37
11,21,1,37
7,21,2,36
3,21,2,22
14,21,2,40
4,21,2,40
16,21,2,40
15,21,2,38
6,21,2,36
18,21,2,40
20,21,2,40
1,21,2,34
2,21,2,38
8,21,2,36
12,21,2,34
17,21,1,41
13,21,2,40
19,21,2,40
21,1,1,11
21,4,2,42
21,3,1,39
21,11,1,39
21,7,1,39
21,13,1,39
21,2,1,39
21,15,1,39
21,5,1,39
21,17,1,39
21,18,1,39
21,14,1,37
21,9,1,37
21,16,1,37
21,19,1,39
21,20,1,39
21,8,1,37
21,21,0,42
21,6,1,19
21,10,1,37
21,12,1,37
3,22,2,34
9,22,2,36
7,22,2,38
11,22,2,38
5,22,2,24
10,22,2,40
2,22,2,36
4,22,2,34
15,22,1,39
1,22,2,34
8,22,2,36
18,22,2,40
20,22,2,40
16,22,2,40
21,22,1,39
6,22,2,36
13,22,2,34
12,22,2,34
14,22,2,40
17,22,2,36
22,1,1,11
22,2,1,39
22,3,1,33
22,5,0,42
22,11,0,42
22,7,0,42
22,13,2,40
22,8,1,37
22,15,1,39
22,14,1,37
22,17,2,40
22,16,1,37
22,19,2,40
22,20,2,40
22,21,2,40
22,22,2,40
22,4,2,42
22,18,1,39
22,9,1,37
22,12,1,41
22,10,1,39
19,22,0,42
22,6,1,19
3,23,2,22
2,23,2,38
8,23,2,36
1,23,2,34
4,23,2,40
12,23,2,34
14,23,2,40
15,23,2,38
16,23,2,40
6,23,2,36
18,23,2,40
5,23,2,24
20,23,2,40
10,23,1,39
22,23,2,40
9,23,1,39
11,23,1,39
7,23,2,36
21,23,0,42
17,23,1,35
13,23,2,34
19,23,2,40
23,3,1,25
23,8,1,35
23,9,1,35
23,11,1,35
23,4,1,27
23,7,1,25
23,5,1,35
23,1,1,15
23,2,1,31
23,13,1,33
23,6,1,35
23,14,1,41
23,16,1,33
23,17,1,41
23,19,1,35
23,10,1,31
23,18,1,35
23,20,1,33
23,15,1,35
23,21,1,33
23,12,1,35
23,23,1,33
23,22,1,33
3,24,2,22
9,24,2,36
5,24,2,24
11,24,2,38
10,24,2,40
7,24,2,38
1,24,2,34
2,24,2,36
15,24,1,41
16,24,2,40
18,24,2,40
4,24,2,34
20,24,2,40
21,24,1,39
22,24,2,40
6,24,2,36
13,24,2,34
8,24,2,36
17,24,2,36
12,24,2,34
14,24,2,40
19,24,2,40
24,1,1,11
24,2,1,39
24,3,1,39
24,7,1,39
24,5,2,40
24,11,1,39
24,13,2,40
24,8,1,37
24,15,1,39
24,16,1,37
24,17,2,40
24,14,1,37
24,19,2,40
24,4,1,35
24,20,2,40
24,21,2,40
24,22,2,40
24,23,2,40
24,24,2,40
24,18,1,39
24,9,1,37
23,24,1,35
24,10,1,37
24,12,1,37
3,25,2,22
7,25,2,36
24,6,1,19
5,25,2,24
11,25,1,39
10,25,1,39
9,25,1,39
2,25,2,38
1,25,2,34
15,25,2,38
4,25,2,40
16,25,2,40
18,25,2,40
20,25,2,40
6,25,2,36
22,25,2,40
21,25,0,42
24,25,2,40
8,25,2,36
13,25,2,34
14,25,2,40
12,25,2,34
17,25,2,36
19,25,2,40
23,25,1,35
25,4,0,42
25,1,1,11
25,7,1,39
25,2,1,39
25,11,1,39
25,13,1,39
25,3,1,39
25,15,1,39
25,5,1,39
25,17,1,39
25,9,1,37
25,19,1,39
25,20,1,39
25,21,1,39
25,22,1,39
25,14,1,37
25,24,1,39
25,23,1,39
25,16,1,37
25,18,1,39
25,25,1,39
25,8,1,37
25,10,1,37
25,12,1,37
3,26,2,22
25,6,1,19
5,26,2,32
7,26,2,32
9,26,2,34
11,26,2,34
13,26,2,34
10,26,2,40
1,26,2,34
16,26,2,40
4,26,2,34
18,26,2,40
2,26,2,36
20,26,2,40
21,26,1,39
22,26,2,40
6,26,2,36
24,26,2,40
25,26,1,39
17,26,2,36
14,26,2,40
12,26,2,34
8,26,2,36
15,26,1,41
19,26,2,40
23,26,0,42
26,1,1,11
26,4,0,42
26,3,1,39
26,2,1,39
26,11,1,41
26,13,1,41
26,5,1,31
26,15,1,41
26,7,0,42
26,17,1,41
26,8,1,37
26,19,1,41
26,20,1,39
26,21,2,40
26,22,2,40
26,23,2,40
26,9,0,42
26,16,2,38
26,24,2,40
26,14,2,38
26,25,2,40
26,26,2,40
26,18,1,39
26,10,1,37
26,12,1,37
26,6,1,19
3,27,2,22
7,27,2,36
5,27,2,36
11,27,2,38
9,27,2,34
10,27,2,34
13,27,2,40
1,27,2,34
2,27,2,38
4,27,2,40
8,27,2,36
6,27,2,36
16,27,2,40
18,27,2,40
20,27,2,40
12,27,2,34
21,27,1,41
14,27,2,40
22,27,2,40
17,27,2,36
15,27,2,38
24,27,2,40
25,27,0,42
19,27,2,40
26,27,2,40
27,4,0,42
27,1,1,11
27,2,1,39
27,3,1,39
27,7,1,39
27,11,1,39
27,13,1,39
27,5,1,39
27,15,1,39
23,27,0,42
27,17,1,39
27,9,1,39
27,19,1,39
27,18,1,35
27,8,1,35
27,14,1,37
27,16,1,39
27,20,1,39
27,21,1,39
27,10,1,35
27,27,1,39
27,12,1,35
27,23,1,39
27,22,1,39
27,24,1,39
27,25,1,39
27,6,1,19
3,28,2,24
27,26,1,39
5,28,2,24
7,28,2,38
11,28,2,38
10,28,2,40
9,28,2,36
13,28,2,40
1,28,2,34
4,28,2,34
2,28,2,36
16,28,2,40
18,28,2,40
20,28,2,40
21,28,1,39
22,28,2,40
12,28,2,34
24,28,2,40
6,28,2,36
26,28,2,40
25,28,1,39
27,28,1,39
17,28,2,36
8,28,2,36
14,28,2,40
15,28,1,41
19,28,2,40
28,4,0,42
28,1,1,11
28,2,1,39
28,3,1,39
28,11,1,39
28,5,1,39
28,13,1,39
28,7,1,39
28,15,1,39
28,9,1,35
28,17,1,39
28,8,1,37
28,19,1,39
28,20,1,39
28,21,1,39
28,22,1,39
28,23,1,39
28,24,1,39
28,25,1,39
28,26,1,39
28,27,1,39
28,28,1,39
28,18,1,35
28,14,1,35
28,16,1,35
28,10,2,40
28,12,2,40
3,29,2,24
28,6,1,19
5,29,2,32
1,29,2,34
4,29,2,34
2,29,2,36
9,29,2,36
12,29,2,34
13,29,2,34
14,29,2,40
16,29,2,40
15,29,1,41
18,29,2,40
11,29,2,38
20,29,2,40
21,29,1,39
22,29,2,40
6,29,2,36
24,29,2,40
25,29,1,39
26,29,2,40
27,29,1,39
28,29,1,39
10,29,2,34
7,29,2,32
23,28,0,42
17,29,2,36
8,29,2,36
19,29,2,40
29,4,1,21
29,1,1,11
29,2,1,39
29,7,1,39
29,11,1,39
29,3,1,39
29,13,1,39
29,5,1,39
29,15,1,39
29,8,1,35
29,17,1,39
29,9,1,39
29,19,1,39
29,20,1,39
29,21,1,39
29,22,1,39
29,23,1,39
29,24,1,39
29,25,1,39
29,26,1,39
29,27,1,39
29,28,1,39
29,29,1,39
29,14,1,39
29,18,1,35
29,16,1,37
29,12,1,35
29,10,1,35
29,6,1,19
3,30,2,24
5,30,2,32
23,29,0,42
9,30,2,36
11,30,2,38
7,30,2,32
13,30,2,34
10,30,2,34
1,30,2,22
2,30,2,34
4,30,2,40
16,30,2,36
18,30,2,38
20,30,0,42
21,30,1,41
17,30,2,36
22,30,0,42
24,30,0,42
25,30,1,41
6,30,2,34
27,30,1,41
26,30,0,42
28,30,1,41
8,30,2,40
29,30,1,41
12,30,2,38
14,30,2,40
15,30,2,42
19,30,2,40
30,4,0,42
30,1,1,11
30,2,1,39
30,3,1,39
30,11,1,39
30,7,1,39
30,13,1,39
30,5,1,39
30,15,1,39
30,9,1,35
30,17,1,39
30,8,1,37
30,19,1,39
30,20,1,39
30,21,1,39
30,22,1,39
30,23,1,39
30,24,1,39
30,25,1,39
30,26,1,39
30,27,1,39
30,28,1,39
30,29,1,39
30,18,1,35
30,14,1,35
30,30,1,41
30,16,1,35
30,10,1,35
30,12,1,35
30,6,1,19
23,30,0,42
3,31,2,24
5,31,2,32
7,31,2,32
10,31,2,34
9,31,2,36
13,31,2,34
11,31,2,38
2,31,2,34
6,31,2,34
4,31,2,40
8,31,2,40
1,31,2,22
16,31,2,36
18,31,2,38
21,31,1,41
20,31,0,42
22,31,0,42
17,31,2,36
12,31,2,38
14,31,2,40
15,31,2,42
24,31,0,42
25,31,1,41
26,31,0,42
27,31,1,41
19,31,2,40
28,31,1,41
29,31,1,41
30,31,1,41
31,4,1,15
31,1,1,11
31,2,1,39
31,3,1,39
31,11,1,39
31,5,1,39
31,13,1,39
31,7,1,39
31,15,1,39
31,9,1,39
31,17,1,39
31,18,1,35
31,19,1,39
31,8,1,35
31,20,1,39
31,14,1,39
31,21,1,39
31,16,1,37
31,22,1,39
31,23,1,39
31,6,1,19
31,24,1,39
31,25,1,39
31,26,1,39
31,27,1,39
31,31,1,41
31,12,1,35
31,10,1,35
31,28,1,39
31,29,1,39
31,30,1,41
3,32,2,24
23,31,0,42
9,32,2,36
10,32,2,34
11,32,2,38
7,32,2,32
13,32,2,34
5,32,2,32
1,32,2,22
2,32,2,34
4,32,2,40
16,32,2,36
18,32,2,38
20,32,0,42
21,32,1,41
22,32,0,42
17,32,2,36
24,32,0,42
25,32,1,41
26,32,0,42
27,32,1,41
28,32,1,41
29,32,1,41
30,32,1,41
31,32,1,41
6,32,2,34
12,32,2,38
8,32,2,40
15,32,2,42
14,32,2,40
19,32,2,40
32,4,1,37
32,1,1,11
32,5,1,39
32,2,1,39
32,11,1,39
32,7,1,39
32,13,1,39
32,3,1,39
32,15,1,39
32,9,1,39
32,17,1,39
32,18,1,35
32,19,1,39
32,20,1,39
32,21,1,39
32,22,1,39
32,23,1,39
32,24,1,39
32,25,1,39
32,26,1,39
32,27,1,39
32,28,1,39
32,29,1,39
32,14,1,39
32,30,1,41
32,32,1,41
32,16,1,37
32,31,1,41
32,6,1,19
32,8,1,35
32,10,1,35
23,32,0,42
32,12,1,35
3,33,2,24
5,33,2,32
10,33,2,34
11,33,2,38
9,33,2,36
13,33,2,34
7,33,2,32
1,33,2,22
16,33,2,36
2,33,2,34
18,33,2,38
4,33,2,40
20,33,0,42
21,33,1,41
22,33,0,42
17,33,2,36
24,33,0,42
25,33,1,41
26,33,0,42
27,33,1,41
28,33,1,41
29,33,1,41
30,33,1,41
31,33,1,41
32,33,1,41
6,33,2,34
8,33,2,40
12,33,2,38
14,33,2,40
15,33,2,42
19,33,2,40
33,4,1,35
33,6,1,19
33,1,1,11
33,5,1,39
33,11,1,39
33,2,1,39
33,13,1,39
33,3,1,39
33,15,1,39
33,7,1,39
33,17,1,39
33,9,1,39
33,19,1,39
33,20,1,39
33,21,1,39
33,22,1,39
33,23,1,39
33,24,1,39
33,25,1,39
33,26,1,39
33,27,1,39
33,28,1,39
33,29,1,39
33,14,1,39
33,30,1,41
33,32,1,41
33,33,1,41
33,16,1,37
33,8,1,35
33,31,1,41
33,18,1,35
3,34,2,24
23,33,0,42
33,10,1,35
33,12,1,35
5,34,2,32
10,34,2,34
11,34,2,38
7,34,2,32
13,34,2,34
9,34,2,36
1,34,2,22
16,34,2,36
2,34,2,34
18,34,2,38
4,34,2,40
20,34,0,42
21,34,1,41
22,34,0,42
17,34,2,36
24,34,0,42
25,34,1,41
26,34,0,42
27,34,1,41
28,34,1,41
29,34,1,41
30,34,1,41
31,34,1,41
32,34,1,41
33,34,1,41
12,34,2,38
6,34,2,34
14,34,2,40
8,34,2,40
15,34,2,42
19,34,2,40
34,4,1,21
23,34,2,42
34,6,1,19
34,1,1,11
34,11,1,39
34,2,1,39
34,13,1,39
34,3,1,39
34,15,1,39
34,5,1,39
34,17,1,39
34,7,1,39
34,19,1,39
34,20,1,39
34,21,1,39
34,22,1,39
34,23,1,39
34,24,1,39
34,25,1,39
34,26,1,39
34,27,1,39
34,28,1,39
34,29,1,39
34,30,1,41
34,31,1,41
34,32,1,41
34,33,1,41
34,34,1,41
34,14,1,39
34,16,1,37
34,18,1,35
34,8,1,35
34,9,1,39
34,12,1,35
3,35,2,24
34,10,1,35
7,35,2,32
10,35,2,34
11,35,2,38
5,35,2,32
13,35,2,34
9,35,2,36
1,35,2,22
16,35,2,36
17,35,2,36
18,35,2,38
2,35,2,34
20,35,0,42
21,35,1,41
22,35,0,42
4,35,2,40
24,35,0,42
25,35,1,41
26,35,0,42
27,35,1,41
28,35,1,41
29,35,1,41
30,35,1,41
31,35,1,41
32,35,1,41
33,35,1,41
34,35,1,41
12,35,2,38
8,35,2,40
14,35,2,40
6,35,2,34
15,35,2,42
19,35,2,40
35,4,1,35
23,35,2,38
35,6,1,19
35,1,1,11
35,11,1,39
35,2,1,39
35,13,1,39
35,7,1,39
35,15,1,39
35,3,1,39
35,17,1,39
35,14,1,39
35,19,1,39
35,20,1,39
35,21,1,39
35,22,1,39
35,23,1,39
35,24,1,39
35,25,1,39
35,26,1,39
35,27,1,39
35,28,1,39
35,29,1,39
35,30,1,41
35,31,1,41
35,32,1,41
35,33,1,41
35,34,1,41
35,35,1,41
35,16,1,37
35,5,1,39
35,18,1,35
35,8,1,35
35,9,1,39
35,12,1,35
35,10,1,35
3,36,2,24
5,36,2,32
10,36,2,34
11,36,2,38
9,36,2,36
13,36,2,34
7,36,2,32
1,36,2,22
16,36,2,36
2,36,2,34
18,36,2,38
4,36,2,40
20,36,0,42
21,36,1,41
22,36,0,42
17,36,2,36
24,36,0,42
25,36,1,41
26,36,0,42
27,36,1,41
28,36,1,41
29,36,1,41
30,36,1,41
31,36,1,41
32,36,1,41
33,36,1,41
34,36,1,41
35,36,1,41
6,36,2,34
12,36,2,38
14,36,2,40
15,36,2,42
8,36,2,40
19,36,2,40
23,36,2,38
36,4,1,35
36,6,1,19
36,1,1,11
36,11,1,39
36,12,1,35
36,13,1,39
36,14,1,39
36,15,1,39
36,16,1,37
36,17,1,39
36,18,1,35
36,19,1,39
36,20,1,39
36,21,1,39
36,22,1,39
36,23,1,39
36,24,1,39
36,25,1,39
36,26,1,39
36,27,1,39
36,28,1,39
36,29,1,39
36,30,1,41
36,31,1,41
36,32,1,41
36,33,1,41
36,34,1,41
36,35,1,41
36,36,1,41
36,2,1,39
36,3,1,39
36,9,1,39
36,5,1,39
36,8,1,35
36,7,1,39
36,10,1,35
3,37,2,24
1,37,2,22
10,37,2,34
11,37,2,38
12,37,2,38
13,37,2,34
14,37,2,40
15,37,2,42
16,37,2,36
17,37,2,36
18,37,2,38
2,37,2,34
20,37,0,42
21,37,1,41
22,37,0,42
4,37,2,40
24,37,0,42
25,37,1,41
26,37,0,42
27,37,1,41
28,37,1,41
29,37,1,41
30,37,1,41
31,37,1,41
32,37,1,41
33,37,1,41
34,37,1,41
35,37,1,41
36,37,1,41
9,37,2,36
5,37,2,32
6,37,2,34
7,37,2,32
8,37,2,40
19,37,2,40
23,37,2,38
37,4,1,35
37,6,1,19
37,1,1,11
37,11,1,39
37,12,1,35
37,13,1,39
37,14,1,39
37,15,1,39
37,16,1,37
37,17,1,39
37,18,1,35
37,19,1,39
37,20,1,39
37,21,1,39
37,22,1,39
37,23,1,39
37,24,1,39
37,25,1,39
37,26,1,39
37,27,1,39
37,28,1,39
37,29,1,39
37,30,1,41
37,31,1,41
37,32,1,41
37,33,1,41
37,34,1,41
37,35,1,41
37,36,1,41
37,37,1,41
37,2,1,39
37,8,1,35
37,3,1,39
37,9,1,39
37,5,1,39
37,10,1,35
37,7,1,39
3,38,2,24
1,38,2,22
10,38,2,34
11,38,2,38
12,38,2,38
13,38,2,34
14,38,2,40
15,38,2,42
16,38,2,36
17,38,2,36
18,38,2,38
2,38,2,34
20,38,0,42
21,38,1,41
22,38,0,42
4,38,2,40
24,38,0,42
25,38,1,41
26,38,0,42
27,38,1,41
28,38,1,41
29,38,1,41
30,38,1,41
31,38,1,41
32,38,1,41
33,38,1,41
34,38,1,41
35,38,1,41
36,38,1,41
37,38,1,41
9,38,2,36
5,38,2,32
6,38,2,34
7,38,2,32
8,38,2,40
19,38,2,40
23,38,2,38
38,1,1,11
38,9,1,39
38,10,1,35
38,11,1,39
38,12,1,35
38,13,1,39
38,14,1,39
38,15,1,39
38,16,1,37
38,17,1,39
38,18,1,35
38,19,1,39
38,20,1,39
38,21,1,39
38,22,1,39
38,23,1,39
38,24,1,39
38,25,1,39
38,26,1,39
38,27,1,39
38,28,1,39
38,29,1,39
38,30,1,41
38,31,1,41
38,32,1,41
38,33,1,41
38,34,1,41
38,35,1,41
38,36,1,41
38,37,1,41
38,38,1,41
38,2,1,39
38,3,1,39
38,4,1,35
38,7,1,39
38,5,1,39
38,6,1,19
38,8,1,35
1,39,2,22
9,39,2,36
10,39,2,34
11,39,2,38
12,39,2,38
13,39,2,34
14,39,2,40
15,39,2,42
16,39,2,36
17,39,2,36
18,39,2,38
2,39,2,34
20,39,0,42
21,39,1,41
22,39,0,42
3,39,2,24
24,39,0,42
25,39,1,41
26,39,0,42
27,39,1,41
28,39,1,41
29,39,1,41
30,39,1,41
31,39,1,41
32,39,1,41
33,39,1,41
34,39,1,41
35,39,1,41
36,39,1,41
37,39,1,41
38,39,1,41
4,39,2,40
5,39,2,32
6,39,2,34
7,39,2,32
8,39,2,40
19,39,2,40
23,39,2,38
39,1,1,11
39,9,1,39
39,10,1,35
39,11,1,39
39,12,1,35
39,13,1,39
39,14,1,39
39,15,1,39
39,16,1,37
39,17,1,39
39,18,1,35
39,19,1,39
39,20,1,39
39,21,1,39
39,22,1,39
39,23,1,39
39,24,1,39
39,25,1,39
39,26,1,39
39,27,1,39
39,28,1,39
39,29,1,39
39,30,1,41
39,31,1,41
39,32,1,41
39,33,1,41
39,34,1,41
39,35,1,41
39,36,1,41
39,37,1,41
39,38,1,41
39,39,1,41
39,2,1,39
39,4,1,35
39,3,1,39
39,7,1,39
39,5,1,39
39,8,1,35
39,6,1,19
1,40,2,22
9,40,2,36
10,40,2,34
11,40,2,38
12,40,2,38
13,40,2,34
14,40,2,40
15,40,2,42
16,40,2,36
17,40,2,36
18,40,2,38
2,40,2,34
20,40,0,42
21,40,1,41
22,40,0,42
3,40,2,24
24,40,0,42
25,40,1,41
26,40,0,42
27,40,1,41
28,40,1,41
29,40,1,41
30,40,1,41
31,40,1,41
32,40,1,41
33,40,1,41
34,40,1,41
35,40,1,41
36,40,1,41
37,40,1,41
38,40,1,41
39,40,1,41
4,40,2,40
5,40,2,32
6,40,2,34
7,40,2,32
8,40,2,40
19,40,2,40
23,40,2,38
40,1,1,11
40,9,1,39
40,10,1,35
40,11,1,39
40,12,1,35
40,13,1,39
40,14,1,39
40,15,1,39
40,16,1,37
40,17,1,39
40,18,1,35
40,19,1,39
40,20,1,39
40,21,1,39
40,22,1,39
40,23,1,39
40,24,1,39
40,25,1,39
40,26,1,39
40,27,1,39
40,28,1,39
40,29,1,39
40,30,1,41
40,31,1,41
40,32,1,41
40,33,1,41
40,34,1,41
40,35,1,41
40,36,1,41
40,37,1,41
40,38,1,41
40,39,1,41
40,40,1,41
1,41,2,22
2,41,2,34
3,41,2,24
4,41,2,40
5,41,2,32
6,41,2,34
7,41,2,32
8,41,2,40
9,41,2,36
10,41,2,34
11,41,2,38
12,41,2,38
13,41,2,34
14,41,2,40
15,41,2,42
16,41,2,36
17,41,2,36
18,41,2,38
19,41,2,40
20,41,0,42
21,41,1,41
22,41,0,42
23,41,2,38
24,41,0,42
25,41,1,41
26,41,0,42
27,41,1,41
28,41,1,41
29,41,1,41
30,41,1,41
31,41,1,41
32,41,1,41
33,41,1,41
34,41,1,41
35,41,1,41
36,41,1,41
37,41,1,41
38,41,1,41
39,41,1,41
40,41,1,41
40,2,1,39
40,3,1,39
40,4,1,35
40,5,1,39
40,6,1,19
40,7,1,39
40,8,1,35
41,1,1,11
41,9,1,39
41,10,1,35
41,11,1,39
41,12,1,35
41,13,1,39
41,14,1,39
41,15,1,39
41,16,1,37
41,17,1,39
41,18,1,35
41,19,1,39
41,20,1,39
41,21,1,39
41,22,1,39
41,23,1,39
41,24,1,39
41,25,1,39
41,26,1,39
41,27,1,39
41,28,1,39
41,29,1,39
41,30,1,41
41,31,1,41
41,32,1,41
41,33,1,41
41,34,1,41
41,35,1,41
41,36,1,41
41,37,1,41
41,38,1,41
41,39,1,41
41,40,1,41
41,41,1,41
1,42,2,22
2,42,2,34
3,42,2,24
4,42,2,40
5,42,2,32
6,42,2,34
7,42,2,32
8,42,2,40
9,42,2,36
10,42,2,34
11,42,2,38
12,42,2,38
13,42,2,34
14,42,2,40
15,42,2,42
16,42,2,36
17,42,2,36
18,42,2,38
19,42,2,40
20,42,0,42
21,42,1,41
22,42,0,42
23,42,2,38
24,42,0,42
25,42,1,41
26,42,0,42
27,42,1,41
28,42,1,41
29,42,1,41
30,42,1,41
31,42,1,41
32,42,1,41
33,42,1,41
34,42,1,41
35,42,1,41
36,42,1,41
37,42,1,41
38,42,1,41
39,42,1,41
40,42,1,41
41,42,1,41
42,1,1,11
42,2,1,39
42,3,1,39
42,4,1,35
42,5,1,39
42,6,1,19
42,7,1,39
42,8,1,35
42,9,1,39
42,10,1,35
42,11,1,39
42,12,1,35
42,13,1,39
42,14,1,39
42,15,1,39
42,16,1,37
42,17,1,39
42,18,1,35
42,19,1,39
42,20,1,39
42,21,1,39
42,22,1,39
42,23,1,39
42,24,1,39
42,25,1,39
42,26,1,39
42,27,1,39
42,28,1,39
42,29,1,39
42,30,1,41
42,31,1,41
42,32,1,41
42,33,1,41
42,34,1,41
42,35,1,41
42,36,1,41
42,37,1,41
42,38,1,41
42,39,1,41
42,40,1,41
42,41,1,41
42,42,1,41
41,2,1,39
41,3,1,39
41,4,1,35
41,5,1,39
41,6,1,19
41,7,1,39
41,8,1,35
